4418,3,java.util.concurrent.locks.AbstractQueuedSynchronizer.ConditionObject,"No summary available","All Implemented Interfaces: Serializable , Condition Enclosing class: AbstractQueuedSynchronizer Condition implementation for a AbstractQueuedSynchronizer serving as the basis of a Lock implementation. Method documentation for this class describes mechanics,
 not behavioral specifications from the point of view of Lock
 and Condition users. Exported versions of this class will in
 general need to be accompanied by documentation describing
 condition semantics that rely on tho..."
4424,3,java.util.concurrent.locks.AbstractQueuedLongSynchronizer.ConditionObject,"No summary available","All Implemented Interfaces: Serializable , Condition Enclosing class: AbstractQueuedLongSynchronizer Condition implementation for a AbstractQueuedLongSynchronizer serving as the basis of a Lock implementation. Method documentation for this class describes mechanics,
 not behavioral specifications from the point of view of Lock
 and Condition users. Exported versions of this class will in
 general need to be accompanied by documentation describing
 condition semantics that rel..."
5092,3,jdk.jshell.JShell.Subscription,"No summary available","Enclosing class: JShell Subscription is a token for referring to subscriptions so they can
 be unsubscribed ."
5261,3,javax.swing.JButton.AccessibleJButton,"No summary available","All Implemented Interfaces: Serializable , AccessibleAction , AccessibleComponent , AccessibleExtendedComponent , AccessibleText , AccessibleValue Enclosing class: JButton This class implements accessibility support for the JButton class.  It provides an implementation of the
 Java Accessibility API appropriate to button user-interface
 elements. Warning: Serialized objects of this class will not be compatible with
 future Swing releases. The current serialization support is
..."
5263,3,javax.swing.JOptionPane.AccessibleJOptionPane,"No summary available","All Implemented Interfaces: Serializable , AccessibleComponent , AccessibleExtendedComponent Enclosing class: JOptionPane This class implements accessibility support for the JOptionPane class.  It provides an implementation of the
 Java Accessibility API appropriate to option pane user-interface
 elements. Warning: Serialized objects of this class will not be compatible with
 future Swing releases. The current serialization support is
 appropriate for short term storage or RM..."
5267,3,javax.swing.JInternalFrame.JDesktopIcon.AccessibleJDesktopIcon,"No summary available","All Implemented Interfaces: Serializable , AccessibleComponent , AccessibleExtendedComponent , AccessibleValue Enclosing class: JInternalFrame.JDesktopIcon This class implements accessibility support for the JInternalFrame.JDesktopIcon class.  It provides an
 implementation of the Java Accessibility API appropriate to
 desktop icon user-interface elements. Warning: Serialized objects of this class will not be compatible with
 future Swing releases. The current serialization s..."
5273,3,javax.swing.JSeparator.AccessibleJSeparator,"No summary available","All Implemented Interfaces: Serializable , AccessibleComponent , AccessibleExtendedComponent Enclosing class: JSeparator This class implements accessibility support for the JSeparator class.  It provides an implementation of the
 Java Accessibility API appropriate to separator user-interface elements. Warning: Serialized objects of this class will not be compatible with
 future Swing releases. The current serialization support is
 appropriate for short term storage or RMI bet..."
5274,3,javax.swing.JTree.AccessibleJTree.AccessibleJTreeNode,"No summary available","All Implemented Interfaces: Accessible , AccessibleAction , AccessibleComponent , AccessibleSelection Enclosing class: JTree.AccessibleJTree This class implements accessibility support for the JTree child.  It provides an implementation of the
 Java Accessibility API appropriate to tree nodes."
5276,3,javax.swing.JViewport.ViewListener,"No summary available","All Implemented Interfaces: ComponentListener , Serializable , EventListener Enclosing class: JViewport A listener for the view. Warning: Serialized objects of this class will not be compatible with
 future Swing releases. The current serialization support is
 appropriate for short term storage or RMI between applications running
 the same version of Swing.  As of 1.4, support for long term storage
 of all JavaBeans
 has been added to the java.beans package.
 Please see XMLEn..."
5279,3,javax.swing.JComponent.AccessibleJComponent,"No summary available","All Implemented Interfaces: Serializable , AccessibleComponent , AccessibleExtendedComponent Direct Known Subclasses: AbstractButton.AccessibleAbstractButton , JColorChooser.AccessibleJColorChooser , JComboBox.AccessibleJComboBox , JDesktopPane.AccessibleJDesktopPane , JFileChooser.AccessibleJFileChooser , JInternalFrame.AccessibleJInternalFrame , JInternalFrame.JDesktopIcon.AccessibleJDesktopIcon , JLabel.AccessibleJLabel , JLayeredPane.AccessibleJLayeredPane , JList.Accessi..."
5281,3,javax.swing.JTable.AccessibleJTable.AccessibleJTableModelChange,"No summary available","All Implemented Interfaces: AccessibleTableModelChange Enclosing class: JTable.AccessibleJTable Describes a change in the accessible table model."
5285,3,javax.swing.JToggleButton.AccessibleJToggleButton,"No summary available","All Implemented Interfaces: ItemListener , Serializable , EventListener , AccessibleAction , AccessibleComponent , AccessibleExtendedComponent , AccessibleText , AccessibleValue Direct Known Subclasses: JCheckBox.AccessibleJCheckBox , JRadioButton.AccessibleJRadioButton Enclosing class: JToggleButton This class implements accessibility support for the JToggleButton class.  It provides an implementation of the
 Java Accessibility API appropriate to toggle button user-interface..."
5287,3,javax.swing.JProgressBar.AccessibleJProgressBar,"No summary available","All Implemented Interfaces: Serializable , AccessibleComponent , AccessibleExtendedComponent , AccessibleValue Enclosing class: JProgressBar This class implements accessibility support for the JProgressBar class.  It provides an implementation of the
 Java Accessibility API appropriate to progress bar user-interface
 elements. Warning: Serialized objects of this class will not be compatible with
 future Swing releases. The current serialization support is
 appropriate for sho..."
5289,3,javax.swing.JCheckBox.AccessibleJCheckBox,"No summary available","All Implemented Interfaces: ItemListener , Serializable , EventListener , AccessibleAction , AccessibleComponent , AccessibleExtendedComponent , AccessibleText , AccessibleValue Enclosing class: JCheckBox This class implements accessibility support for the JCheckBox class.  It provides an implementation of the
 Java Accessibility API appropriate to check box user-interface
 elements. Warning: Serialized objects of this class will not be compatible with
 future Swing releases...."
5291,3,javax.swing.JSpinner.AccessibleJSpinner,"No summary available","All Implemented Interfaces: Serializable , EventListener , AccessibleAction , AccessibleComponent , AccessibleEditableText , AccessibleExtendedComponent , AccessibleText , AccessibleValue , ChangeListener Enclosing class: JSpinner AccessibleJSpinner implements accessibility
 support for the JSpinner class. Since: 1.5"
5293,3,javax.swing.JDesktopPane.AccessibleJDesktopPane,"No summary available","All Implemented Interfaces: Serializable , AccessibleComponent , AccessibleExtendedComponent Enclosing class: JDesktopPane This class implements accessibility support for the JDesktopPane class.  It provides an implementation of the
 Java Accessibility API appropriate to desktop pane user-interface
 elements. Warning: Serialized objects of this class will not be compatible with
 future Swing releases. The current serialization support is
 appropriate for short term storage or..."
5295,3,javax.swing.JMenuItem.AccessibleJMenuItem,"No summary available","All Implemented Interfaces: Serializable , EventListener , AccessibleAction , AccessibleComponent , AccessibleExtendedComponent , AccessibleText , AccessibleValue , ChangeListener Direct Known Subclasses: JCheckBoxMenuItem.AccessibleJCheckBoxMenuItem , JMenu.AccessibleJMenu , JRadioButtonMenuItem.AccessibleJRadioButtonMenuItem Enclosing class: JMenuItem This class implements accessibility support for the JMenuItem class.  It provides an implementation of the
 Java Accessibili..."
5306,3,javax.swing.JFrame.AccessibleJFrame,"No summary available","All Implemented Interfaces: Serializable , AccessibleComponent Enclosing class: JFrame This class implements accessibility support for the JFrame class.  It provides an implementation of the
 Java Accessibility API appropriate to frame user-interface
 elements."
5311,3,javax.swing.Box.AccessibleBox,"No summary available","All Implemented Interfaces: Serializable , AccessibleComponent Enclosing class: Box This class implements accessibility support for the Box class."
5313,3,javax.swing.JColorChooser.AccessibleJColorChooser,"No summary available","All Implemented Interfaces: Serializable , AccessibleComponent , AccessibleExtendedComponent Enclosing class: JColorChooser This class implements accessibility support for the JColorChooser class.  It provides an implementation of the
 Java Accessibility API appropriate to color chooser user-interface
 elements."
5321,3,javax.swing.JScrollPane.AccessibleJScrollPane,"No summary available","All Implemented Interfaces: PropertyChangeListener , Serializable , EventListener , AccessibleComponent , AccessibleExtendedComponent , ChangeListener Enclosing class: JScrollPane This class implements accessibility support for the JScrollPane class.  It provides an implementation of the
 Java Accessibility API appropriate to scroll pane user-interface
 elements. Warning: Serialized objects of this class will not be compatible with
 future Swing releases. The current serializ..."
5329,3,javax.swing.ToolTipManager.stillInsideTimerAction,"No summary available","All Implemented Interfaces: ActionListener , EventListener Enclosing class: ToolTipManager Still inside timer action."
5333,3,javax.swing.JCheckBoxMenuItem.AccessibleJCheckBoxMenuItem,"No summary available","All Implemented Interfaces: Serializable , EventListener , AccessibleAction , AccessibleComponent , AccessibleExtendedComponent , AccessibleText , AccessibleValue , ChangeListener Enclosing class: JCheckBoxMenuItem This class implements accessibility support for the JCheckBoxMenuItem class.  It provides an implementation
 of the Java Accessibility API appropriate to checkbox menu item
 user-interface elements. Warning: Serialized objects of this class will not be compatible w..."
5334,3,javax.swing.JTabbedPane.ModelListener,"No summary available","All Implemented Interfaces: Serializable , EventListener , ChangeListener Enclosing class: JTabbedPane We pass ModelChanged events along to the listeners with
 the tabbedpane (instead of the model itself) as the event source."
5335,3,javax.swing.JRadioButtonMenuItem.AccessibleJRadioButtonMenuItem,"No summary available","All Implemented Interfaces: Serializable , EventListener , AccessibleAction , AccessibleComponent , AccessibleExtendedComponent , AccessibleText , AccessibleValue , ChangeListener Enclosing class: JRadioButtonMenuItem This class implements accessibility support for the JRadioButtonMenuItem class.  It provides an
 implementation of the Java Accessibility API appropriate to JRadioButtonMenuItem user-interface elements. Warning: Serialized objects of this class will not be compa..."
5337,3,javax.swing.JTextField.AccessibleJTextField,"No summary available","All Implemented Interfaces: Serializable , EventListener , AccessibleAction , AccessibleComponent , AccessibleEditableText , AccessibleExtendedComponent , AccessibleExtendedText , AccessibleText , CaretListener , DocumentListener Direct Known Subclasses: JPasswordField.AccessibleJPasswordField Enclosing class: JTextField This class implements accessibility support for the JTextField class.  It provides an implementation of the
 Java Accessibility API appropriate to text field..."
5338,3,javax.swing.AbstractButton.AccessibleAbstractButton,"No summary available","All Implemented Interfaces: Serializable , AccessibleAction , AccessibleComponent , AccessibleExtendedComponent , AccessibleText , AccessibleValue Direct Known Subclasses: JButton.AccessibleJButton , JMenuItem.AccessibleJMenuItem , JToggleButton.AccessibleJToggleButton Enclosing class: AbstractButton This class implements accessibility support for the AbstractButton class.  It provides an implementation of the
 Java Accessibility API appropriate to button and menu item
 user-..."
5340,3,javax.swing.JScrollBar.AccessibleJScrollBar,"No summary available","All Implemented Interfaces: Serializable , AccessibleComponent , AccessibleExtendedComponent , AccessibleValue Enclosing class: JScrollBar This class implements accessibility support for the JScrollBar class.  It provides an implementation of the
 Java Accessibility API appropriate to scroll bar user-interface
 elements. Warning: Serialized objects of this class will not be compatible with
 future Swing releases. The current serialization support is
 appropriate for short ter..."
5341,3,javax.swing.ToolTipManager.outsideTimerAction,"No summary available","All Implemented Interfaces: ActionListener , EventListener Enclosing class: ToolTipManager Outside timer action."
5342,3,javax.swing.JComponent.AccessibleJComponent.AccessibleFocusHandler,"No summary available","All Implemented Interfaces: FocusListener , EventListener Enclosing class: JComponent.AccessibleJComponent Deprecated. This class is no longer used or needed. java.awt.Component.AccessibleAWTComponent provides
 the same functionality and it is handled in Component . Fire PropertyChange listener, if one is registered,
 when focus events happen Since: 1.3"
5343,3,javax.swing.JPasswordField.AccessibleJPasswordField,"No summary available","All Implemented Interfaces: Serializable , EventListener , AccessibleAction , AccessibleComponent , AccessibleEditableText , AccessibleExtendedComponent , AccessibleExtendedText , AccessibleText , CaretListener , DocumentListener Enclosing class: JPasswordField This class implements accessibility support for the JPasswordField class.  It provides an implementation of the
 Java Accessibility API appropriate to password field user-interface
 elements. Warning: Serialized object..."
5345,3,javax.swing.ImageIcon.AccessibleImageIcon,"No summary available","All Implemented Interfaces: Serializable , AccessibleIcon Enclosing class: ImageIcon This class implements accessibility support for the ImageIcon class.  It provides an implementation of the
 Java Accessibility API appropriate to image icon user-interface
 elements. Warning: Serialized objects of this class will not be compatible with
 future Swing releases. The current serialization support is
 appropriate for short term storage or RMI between applications running
 the same..."
5350,3,javax.swing.JPopupMenu.AccessibleJPopupMenu,"No summary available","All Implemented Interfaces: PropertyChangeListener , Serializable , EventListener , AccessibleComponent , AccessibleExtendedComponent Enclosing class: JPopupMenu This class implements accessibility support for the JPopupMenu class.  It provides an implementation of the
 Java Accessibility API appropriate to popup menu user-interface
 elements."
5358,3,javax.swing.JTree.TreeModelHandler,"No summary available","All Implemented Interfaces: EventListener , TreeModelListener Enclosing class: JTree Listens to the model and updates the expandedState accordingly when nodes are removed, or changed."
5359,3,javax.swing.JWindow.AccessibleJWindow,"No summary available","All Implemented Interfaces: Serializable , AccessibleComponent Enclosing class: JWindow This class implements accessibility support for the JWindow class.  It provides an implementation of the
 Java Accessibility API appropriate to window user-interface
 elements."
5360,3,javax.swing.JEditorPane.AccessibleJEditorPane,"No summary available","All Implemented Interfaces: Serializable , EventListener , AccessibleAction , AccessibleComponent , AccessibleEditableText , AccessibleExtendedComponent , AccessibleExtendedText , AccessibleText , CaretListener , DocumentListener Direct Known Subclasses: JEditorPane.AccessibleJEditorPaneHTML , JEditorPane.JEditorPaneAccessibleHypertextSupport Enclosing class: JEditorPane This class implements accessibility support for the JEditorPane class.  It provides an implementation of t..."
5361,3,javax.swing.JEditorPane.AccessibleJEditorPaneHTML,"No summary available","All Implemented Interfaces: Serializable , EventListener , AccessibleAction , AccessibleComponent , AccessibleEditableText , AccessibleExtendedComponent , AccessibleExtendedText , AccessibleText , CaretListener , DocumentListener Enclosing class: JEditorPane This class provides support for AccessibleHypertext ,
 and is used in instances where the EditorKit installed in this JEditorPane is an instance of HTMLEditorKit . Warning: Serialized objects of this class will not be com..."
5362,3,javax.swing.JSlider.AccessibleJSlider,"No summary available","All Implemented Interfaces: Serializable , EventListener , AccessibleAction , AccessibleComponent , AccessibleExtendedComponent , AccessibleValue , ChangeListener Enclosing class: JSlider This class implements accessibility support for the JSlider class.  It provides an implementation of the
 Java Accessibility API appropriate to slider user-interface elements. Warning: Serialized objects of this class will not be compatible with
 future Swing releases. The current serializat..."
5363,3,javax.swing.JRadioButton.AccessibleJRadioButton,"No summary available","All Implemented Interfaces: ItemListener , Serializable , EventListener , AccessibleAction , AccessibleComponent , AccessibleExtendedComponent , AccessibleText , AccessibleValue Enclosing class: JRadioButton This class implements accessibility support for the JRadioButton class.  It provides an implementation of the
 Java Accessibility API appropriate to radio button
 user-interface elements. Warning: Serialized objects of this class will not be compatible with
 future Swing ..."
5369,3,javax.swing.GroupLayout.Group,"No summary available","Direct Known Subclasses: GroupLayout.ParallelGroup , GroupLayout.SequentialGroup Enclosing class: GroupLayout Group provides the basis for the two types of
 operations supported by GroupLayout : laying out
 components one after another ( SequentialGroup )
 or aligned ( ParallelGroup ). Group and
 its subclasses have no public constructor; to create one use
 one of createSequentialGroup or createParallelGroup . Additionally, taking a Group created from one GroupLayout and usin..."
5370,3,javax.swing.JMenuBar.AccessibleJMenuBar,"No summary available","All Implemented Interfaces: Serializable , AccessibleComponent , AccessibleExtendedComponent , AccessibleSelection Enclosing class: JMenuBar This class implements accessibility support for the JMenuBar class.  It provides an implementation of the
 Java Accessibility API appropriate to menu bar user-interface
 elements. Warning: Serialized objects of this class will not be compatible with
 future Swing releases. The current serialization support is
 appropriate for short term ..."
5379,3,javax.swing.JScrollPane.ScrollBar,"No summary available","All Implemented Interfaces: Adjustable , ImageObserver , MenuContainer , Serializable , Accessible , UIResource Enclosing class: JScrollPane By default JScrollPane creates scrollbars
 that are instances
 of this class. Scrollbar overrides the getUnitIncrement and getBlockIncrement methods so that, if the viewport's view is a Scrollable ,
 the view is asked to compute these values. Unless
 the unit/block increment have been explicitly set. Warning: Serialized objects of this c..."
5382,3,javax.swing.JViewport.AccessibleJViewport,"No summary available","All Implemented Interfaces: Serializable , AccessibleComponent , AccessibleExtendedComponent Enclosing class: JViewport This class implements accessibility support for the JViewport class.  It provides an implementation of the
 Java Accessibility API appropriate to viewport user-interface elements. Warning: Serialized objects of this class will not be compatible with
 future Swing releases. The current serialization support is
 appropriate for short term storage or RMI betwee..."
5384,3,javax.swing.JToolTip.AccessibleJToolTip,"No summary available","All Implemented Interfaces: Serializable , AccessibleComponent , AccessibleExtendedComponent Enclosing class: JToolTip This class implements accessibility support for the JToolTip class.  It provides an implementation of the
 Java Accessibility API appropriate to tool tip user-interface elements. Warning: Serialized objects of this class will not be compatible with
 future Swing releases. The current serialization support is
 appropriate for short term storage or RMI between ..."
5390,3,javax.swing.JTree.AccessibleJTree,"No summary available","All Implemented Interfaces: Serializable , EventListener , AccessibleComponent , AccessibleExtendedComponent , AccessibleSelection , TreeExpansionListener , TreeModelListener , TreeSelectionListener Enclosing class: JTree This class implements accessibility support for the JTree class.  It provides an implementation of the
 Java Accessibility API appropriate to tree user-interface elements. Warning: Serialized objects of this class will not be compatible with
 future Swing re..."
5394,3,javax.swing.JMenu.AccessibleJMenu,"No summary available","All Implemented Interfaces: Serializable , EventListener , AccessibleAction , AccessibleComponent , AccessibleExtendedComponent , AccessibleSelection , AccessibleText , AccessibleValue , ChangeListener Enclosing class: JMenu This class implements accessibility support for the JMenu class.  It provides an implementation of the
 Java Accessibility API appropriate to menu user-interface elements. Warning: Serialized objects of this class will not be compatible with
 future Swing..."
5396,3,javax.swing.JTree.TreeSelectionRedirector,"No summary available","All Implemented Interfaces: Serializable , EventListener , TreeSelectionListener Enclosing class: JTree Handles creating a new TreeSelectionEvent with the JTree as the
 source and passing it off to all the listeners. Warning: Serialized objects of this class will not be compatible with
 future Swing releases. The current serialization support is
 appropriate for short term storage or RMI between applications running
 the same version of Swing.  As of 1.4, support for long ter..."
5411,3,javax.swing.Box.Filler.AccessibleBoxFiller,"No summary available","All Implemented Interfaces: Serializable , AccessibleComponent Enclosing class: Box.Filler This class implements accessibility support for the Box.Filler class."
5419,3,javax.swing.JTable.AccessibleJTable,"No summary available","All Implemented Interfaces: PropertyChangeListener , Serializable , EventListener , AccessibleComponent , AccessibleExtendedComponent , AccessibleExtendedTable , AccessibleSelection , AccessibleTable , CellEditorListener , ListSelectionListener , TableColumnModelListener , TableModelListener Enclosing class: JTable This class implements accessibility support for the JTable class.  It provides an implementation of the
 Java Accessibility API appropriate to table user-interface..."
5424,3,javax.swing.GroupLayout.ParallelGroup,"No summary available","Enclosing class: GroupLayout A Group that aligns and sizes its children. ParallelGroup aligns its children in
 four possible ways: along the baseline, centered, anchored to the
 leading edge, or anchored to the trailing edge. Baseline A ParallelGroup that aligns its children along the
 baseline must first decide where the baseline is
 anchored. The baseline can either be anchored to the top, or
 anchored to the bottom of the group. That is, the distance between the
 baseline ..."
5425,3,javax.swing.ToolTipManager.insideTimerAction,"No summary available","All Implemented Interfaces: ActionListener , EventListener Enclosing class: ToolTipManager Inside timer action."
5426,3,javax.swing.JPanel.AccessibleJPanel,"No summary available","All Implemented Interfaces: Serializable , AccessibleComponent , AccessibleExtendedComponent Enclosing class: JPanel This class implements accessibility support for the JPanel class.  It provides an implementation of the
 Java Accessibility API appropriate to panel user-interface
 elements. Warning: Serialized objects of this class will not be compatible with
 future Swing releases. The current serialization support is
 appropriate for short term storage or RMI between applic..."
5429,3,javax.swing.JSplitPane.AccessibleJSplitPane,"No summary available","All Implemented Interfaces: Serializable , AccessibleComponent , AccessibleExtendedComponent , AccessibleValue Enclosing class: JSplitPane This class implements accessibility support for the JSplitPane class.  It provides an implementation of the
 Java Accessibility API appropriate to split pane user-interface elements. Warning: Serialized objects of this class will not be compatible with
 future Swing releases. The current serialization support is
 appropriate for short term..."
5439,3,javax.swing.JRootPane.RootLayout,"No summary available","All Implemented Interfaces: LayoutManager , LayoutManager2 , Serializable Enclosing class: JRootPane A custom layout manager that is responsible for the layout of
 layeredPane, glassPane, and menuBar. Warning: Serialized objects of this class will not be compatible with
 future Swing releases. The current serialization support is
 appropriate for short term storage or RMI between applications running
 the same version of Swing.  As of 1.4, support for long term storage
 of al..."
5440,3,javax.swing.JTable.AccessibleJTable.AccessibleJTableCell,"No summary available","All Implemented Interfaces: Accessible , AccessibleComponent Enclosing class: JTable.AccessibleJTable The class provides an implementation of the Java Accessibility
 API appropriate to table cells."
5442,3,javax.swing.JList.AccessibleJList.AccessibleJListChild,"No summary available","All Implemented Interfaces: Accessible , AccessibleAction , AccessibleComponent Enclosing class: JList.AccessibleJList This class implements accessibility support appropriate
 for list children."
5447,3,javax.swing.JEditorPane.JEditorPaneAccessibleHypertextSupport.HTMLLink,"No summary available","All Implemented Interfaces: AccessibleAction Enclosing class: JEditorPane.JEditorPaneAccessibleHypertextSupport An HTML link."
5453,3,javax.swing.GroupLayout.SequentialGroup,"No summary available","Enclosing class: GroupLayout A Group that positions and sizes its elements
 sequentially, one after another.  This class has no public
 constructor, use the createSequentialGroup method
 to create one. In order to align a SequentialGroup along the baseline
 of a baseline aligned ParallelGroup you need to specify
 which of the elements of the SequentialGroup is used to
 determine the baseline.  The element used to calculate the
 baseline is specified using one of the add metho..."
5458,3,javax.swing.DefaultCellEditor.EditorDelegate,"No summary available","All Implemented Interfaces: ActionListener , ItemListener , Serializable , EventListener Enclosing class: DefaultCellEditor The protected EditorDelegate class."
5459,3,javax.swing.JInternalFrame.AccessibleJInternalFrame,"No summary available","All Implemented Interfaces: Serializable , AccessibleComponent , AccessibleExtendedComponent , AccessibleValue Enclosing class: JInternalFrame This class implements accessibility support for the JInternalFrame class.  It provides an implementation of the
 Java Accessibility API appropriate to internal frame user-interface
 elements. Warning: Serialized objects of this class will not be compatible with
 future Swing releases. The current serialization support is
 appropriate f..."
5462,3,javax.swing.JComboBox.AccessibleJComboBox,"No summary available","All Implemented Interfaces: Serializable , AccessibleAction , AccessibleComponent , AccessibleExtendedComponent , AccessibleSelection Enclosing class: JComboBox < E > This class implements accessibility support for the JComboBox class.  It provides an implementation of the
 Java Accessibility API appropriate to Combo Box user-interface elements. Warning: Serialized objects of this class will not be compatible with
 future Swing releases. The current serialization support is
 ..."
5464,3,javax.swing.JDialog.AccessibleJDialog,"No summary available","All Implemented Interfaces: Serializable , AccessibleComponent Enclosing class: JDialog This class implements accessibility support for the JDialog class.  It provides an implementation of the
 Java Accessibility API appropriate to dialog user-interface
 elements."
5465,3,javax.swing.AbstractButton.ButtonChangeListener,"No summary available","All Implemented Interfaces: Serializable , EventListener , ChangeListener Enclosing class: AbstractButton Extends ChangeListener to be serializable. Warning: Serialized objects of this class will not be compatible with
 future Swing releases. The current serialization support is
 appropriate for short term storage or RMI between applications running
 the same version of Swing.  As of 1.4, support for long term storage
 of all JavaBeans
 has been added to the java.beans packag..."
5466,3,javax.swing.JToolBar.AccessibleJToolBar,"No summary available","All Implemented Interfaces: Serializable , AccessibleComponent , AccessibleExtendedComponent Enclosing class: JToolBar This class implements accessibility support for the JToolBar class.  It provides an implementation of the
 Java Accessibility API appropriate to toolbar user-interface elements."
5468,3,javax.swing.JLabel.AccessibleJLabel,"No summary available","All Implemented Interfaces: Serializable , AccessibleComponent , AccessibleExtendedComponent , AccessibleText Enclosing class: JLabel The class used to obtain the accessible role for this object. Warning: Serialized objects of this class will not be compatible with
 future Swing releases. The current serialization support is
 appropriate for short term storage or RMI between applications running
 the same version of Swing.  As of 1.4, support for long term storage
 of all Jav..."
5469,3,javax.swing.JList.AccessibleJList,"No summary available","All Implemented Interfaces: PropertyChangeListener , Serializable , EventListener , AccessibleComponent , AccessibleExtendedComponent , AccessibleSelection , ListDataListener , ListSelectionListener Enclosing class: JList < E > This class implements accessibility support for the JList class. It provides an implementation of the
 Java Accessibility API appropriate to list user-interface
 elements. Warning: Serialized objects of this class will not be compatible with
 future Sw..."
5470,3,javax.swing.JFileChooser.AccessibleJFileChooser,"No summary available","All Implemented Interfaces: Serializable , AccessibleComponent , AccessibleExtendedComponent Enclosing class: JFileChooser This class implements accessibility support for the JFileChooser class.  It provides an implementation of the
 Java Accessibility API appropriate to file chooser user-interface
 elements."
5475,3,javax.swing.JApplet.AccessibleJApplet,"No summary available","All Implemented Interfaces: Serializable , AccessibleComponent Enclosing class: JApplet This class implements accessibility support for the JApplet class."
5476,3,javax.swing.JTabbedPane.AccessibleJTabbedPane,"No summary available","All Implemented Interfaces: Serializable , EventListener , AccessibleComponent , AccessibleExtendedComponent , AccessibleSelection , ChangeListener Enclosing class: JTabbedPane This class implements accessibility support for the JTabbedPane class.  It provides an implementation of the
 Java Accessibility API appropriate to tabbed pane user-interface
 elements. Warning: Serialized objects of this class will not be compatible with
 future Swing releases. The current serializati..."
5480,3,javax.swing.JLayeredPane.AccessibleJLayeredPane,"No summary available","All Implemented Interfaces: Serializable , AccessibleComponent , AccessibleExtendedComponent Enclosing class: JLayeredPane This class implements accessibility support for the JLayeredPane class.  It provides an implementation of the
 Java Accessibility API appropriate to layered pane user-interface
 elements. Warning: Serialized objects of this class will not be compatible with
 future Swing releases. The current serialization support is
 appropriate for short term storage or..."
5481,3,javax.swing.JComponent.AccessibleJComponent.AccessibleContainerHandler,"No summary available","All Implemented Interfaces: ContainerListener , EventListener Enclosing class: JComponent.AccessibleJComponent Fire PropertyChange listener, if one is registered,
 when children added/removed."
5483,3,javax.swing.JEditorPane.JEditorPaneAccessibleHypertextSupport,"No summary available","All Implemented Interfaces: Serializable , EventListener , AccessibleAction , AccessibleComponent , AccessibleEditableText , AccessibleExtendedComponent , AccessibleExtendedText , AccessibleHypertext , AccessibleText , CaretListener , DocumentListener Enclosing class: JEditorPane What's returned by AccessibleJEditorPaneHTML.getAccessibleText .

 Provides support for AccessibleHypertext in case
 there is an HTML document being displayed in this JEditorPane ."
5491,3,javax.swing.CellRendererPane.AccessibleCellRendererPane,"No summary available","All Implemented Interfaces: Serializable , AccessibleComponent Enclosing class: CellRendererPane This class implements accessibility support for the CellRendererPane class."
5493,3,javax.swing.JMenu.WinListener,"No summary available","All Implemented Interfaces: WindowFocusListener , WindowListener , WindowStateListener , Serializable , EventListener Enclosing class: JMenu A listener class that watches for a popup window closing.
 When the popup is closing, the listener deselects the menu. Warning: Serialized objects of this class will not be compatible with
 future Swing releases. The current serialization support is
 appropriate for short term storage or RMI between applications running
 the same version..."
5496,3,javax.swing.JRootPane.AccessibleJRootPane,"No summary available","All Implemented Interfaces: Serializable , AccessibleComponent , AccessibleExtendedComponent Enclosing class: JRootPane This class implements accessibility support for the JRootPane class.  It provides an implementation of the
 Java Accessibility API appropriate to root pane user-interface elements. Warning: Serialized objects of this class will not be compatible with
 future Swing releases. The current serialization support is
 appropriate for short term storage or RMI betwe..."
5497,3,javax.swing.ProgressMonitor.AccessibleProgressMonitor,"No summary available","All Implemented Interfaces: PropertyChangeListener , EventListener , AccessibleText , ChangeListener Enclosing class: ProgressMonitor AccessibleProgressMonitor implements accessibility
 support for the ProgressMonitor class. Since: 1.5"
5499,3,javax.swing.JTextArea.AccessibleJTextArea,"No summary available","All Implemented Interfaces: Serializable , EventListener , AccessibleAction , AccessibleComponent , AccessibleEditableText , AccessibleExtendedComponent , AccessibleExtendedText , AccessibleText , CaretListener , DocumentListener Enclosing class: JTextArea This class implements accessibility support for the JTextArea class.  It provides an implementation of the
 Java Accessibility API appropriate to text area user-interface
 elements. Warning: Serialized objects of this class..."
5506,3,javax.swing.text.TableView.TableRow,"No summary available","All Implemented Interfaces: SwingConstants Enclosing class: TableView View of a row in a row-centric table."
5512,3,javax.swing.text.StyleContext.SmallAttributeSet,"No summary available","All Implemented Interfaces: AttributeSet Enclosing class: StyleContext This class holds a small number of attributes in an array.
 The storage format is key, value, key, value, etc.  The size
 of the set is the length of the array divided by two.  By
 default, this is the class that will be used to store attributes
 when held in the compact sharable form."
5515,3,javax.swing.text.DefaultStyledDocument.ElementBuffer,"No summary available","All Implemented Interfaces: Serializable Enclosing class: DefaultStyledDocument Class to manage changes to the element
 hierarchy. Warning: Serialized objects of this class will not be compatible with
 future Swing releases. The current serialization support is
 appropriate for short term storage or RMI between applications running
 the same version of Swing.  As of 1.4, support for long term storage
 of all JavaBeans
 has been added to the java.beans package.
 Please see XML..."
5517,3,javax.swing.text.DefaultStyledDocument.SectionElement,"No summary available","All Implemented Interfaces: Serializable , AttributeSet , Element , MutableAttributeSet , TreeNode Enclosing class: DefaultStyledDocument Default root element for a document... maps out the
 paragraphs/lines contained. Warning: Serialized objects of this class will not be compatible with
 future Swing releases. The current serialization support is
 appropriate for short term storage or RMI between applications running
 the same version of Swing.  As of 1.4, support for long t..."
5530,3,javax.swing.text.JTextComponent.AccessibleJTextComponent,"No summary available","All Implemented Interfaces: Serializable , EventListener , AccessibleAction , AccessibleComponent , AccessibleEditableText , AccessibleExtendedComponent , AccessibleExtendedText , AccessibleText , CaretListener , DocumentListener Direct Known Subclasses: JEditorPane.AccessibleJEditorPane , JTextArea.AccessibleJTextArea , JTextField.AccessibleJTextField Enclosing class: JTextComponent This class implements accessibility support for the JTextComponent class.  It provides an imp..."
5537,3,javax.swing.text.AbstractDocument.AbstractElement,"No summary available","All Implemented Interfaces: Serializable , AttributeSet , Element , MutableAttributeSet , TreeNode Direct Known Subclasses: AbstractDocument.BranchElement , AbstractDocument.LeafElement Enclosing class: AbstractDocument Implements the abstract part of an element.  By default elements
 support attributes by having a field that represents the immutable
 part of the current attribute set for the element.  The element itself
 implements MutableAttributeSet which can be used to mo..."
5542,3,javax.swing.text.AsyncBoxView.ChildState,"No summary available","All Implemented Interfaces: Runnable Enclosing class: AsyncBoxView A record representing the layout state of a
 child view.  It is runnable as a task on another
 thread.  All access to the child view that is
 based upon a read-lock on the model should synchronize
 on this object (i.e. The layout thread and the GUI
 thread can both have a read lock on the model at the
 same time and are not protected from each other).
 Access to a child view hierarchy is serialized via
 synchr..."
5543,3,javax.swing.text.TableView.TableCell,"No summary available","All Implemented Interfaces: SwingConstants Enclosing class: TableView Deprecated. A table cell can now be any View implementation."
5579,3,javax.swing.text.AbstractDocument.LeafElement,"No summary available","All Implemented Interfaces: Serializable , AttributeSet , Element , MutableAttributeSet , TreeNode Direct Known Subclasses: HTMLDocument.RunElement Enclosing class: AbstractDocument Implements an element that directly represents content of
 some kind. Warning: Serialized objects of this class will not be compatible with
 future Swing releases. The current serialization support is
 appropriate for short term storage or RMI between applications running
 the same version of Swin..."
5580,3,javax.swing.text.AbstractDocument.BranchElement,"No summary available","All Implemented Interfaces: Serializable , AttributeSet , Element , MutableAttributeSet , TreeNode Direct Known Subclasses: DefaultStyledDocument.SectionElement , HTMLDocument.BlockElement Enclosing class: AbstractDocument Implements a composite element that contains other elements. Warning: Serialized objects of this class will not be compatible with
 future Swing releases. The current serialization support is
 appropriate for short term storage or RMI between applications r..."
5588,3,javax.swing.text.StyleContext.NamedStyle,"No summary available","All Implemented Interfaces: Serializable , AttributeSet , MutableAttributeSet , Style Enclosing class: StyleContext A collection of attributes, typically used to represent
 character and paragraph styles.  This is an implementation
 of MutableAttributeSet that can be observed if desired.
 These styles will take advantage of immutability while
 the sets are small enough, and may be substantially more
 efficient than something like SimpleAttributeSet. Warning: Serialized object..."
5602,3,javax.swing.text.AbstractDocument.DefaultDocumentEvent,"No summary available","All Implemented Interfaces: Serializable , DocumentEvent , UndoableEdit Enclosing class: AbstractDocument Stores document changes as the document is being
 modified.  Can subsequently be used for change notification
 when done with the document modification transaction.
 This is used by the AbstractDocument class and its extensions
 for broadcasting change information to the document listeners."
5616,3,javax.swing.text.AsyncBoxView.ChildLocator,"No summary available","Enclosing class: AsyncBoxView A class to manage the effective position of the
 child views in a localized area while changes are
 being made around the localized area.  The AsyncBoxView
 may be continuously changing, but the visible area
 needs to remain fairly stable until the layout thread
 decides to publish an update to the parent. Since: 1.3"
5621,3,javax.swing.text.html.HTMLDocument.BlockElement,"No summary available","All Implemented Interfaces: Serializable , AttributeSet , Element , MutableAttributeSet , TreeNode Enclosing class: HTMLDocument An element that represents a structural block of
 HTML."
5623,3,javax.swing.text.html.HTMLDocument.RunElement,"No summary available","All Implemented Interfaces: Serializable , AttributeSet , Element , MutableAttributeSet , TreeNode Enclosing class: HTMLDocument An element that represents a chunk of text that has
 a set of HTML character level attributes assigned to
 it."
5624,3,javax.swing.text.html.HTMLDocument.HTMLReader.FormAction,"No summary available","Enclosing class: HTMLDocument.HTMLReader Action to support forms by building all of the elements
 used to represent form controls.  This will process
 the <INPUT>, <TEXTAREA>, <SELECT>,
 and <OPTION> tags.  The element created by
 this action is expected to have the attribute StyleConstants.ModelAttribute set to
 the model that holds the state for the form control.
 This enables multiple views, and allows document to
 be iterated over picking up the data of the form.
 The fol..."
5626,3,javax.swing.text.html.HTMLDocument.HTMLReader.CharacterAction,"No summary available","Enclosing class: HTMLDocument.HTMLReader Action assigned by default to handle the Character task of the reader."
5629,3,javax.swing.text.html.HTMLDocument.HTMLReader.IsindexAction,"No summary available","Enclosing class: HTMLDocument.HTMLReader Action assigned by default to handle the Isindex task of the reader."
5630,3,javax.swing.text.html.HTMLDocument.HTMLReader.TagAction,"No summary available","Direct Known Subclasses: HTMLDocument.HTMLReader.BlockAction , HTMLDocument.HTMLReader.CharacterAction , HTMLDocument.HTMLReader.HiddenAction , HTMLDocument.HTMLReader.IsindexAction , HTMLDocument.HTMLReader.SpecialAction Enclosing class: HTMLDocument.HTMLReader An action to be performed in response
 to parsing a tag.  This allows customization
 of how each tag is handled and avoids a large
 switch statement."
5634,3,javax.swing.text.html.HTMLDocument.HTMLReader.SpecialAction,"No summary available","Direct Known Subclasses: HTMLDocument.HTMLReader.FormAction Enclosing class: HTMLDocument.HTMLReader Action assigned by default to handle the Special task of the reader."
5645,3,javax.swing.text.html.FormView.MouseEventListener,"No summary available","All Implemented Interfaces: MouseListener , MouseMotionListener , MouseWheelListener , EventListener Enclosing class: FormView MouseEventListener class to handle form submissions when
 an input with type equal to image is clicked on.
 A MouseListener is necessary since along with the image
 data the coordinates associated with the mouse click
 need to be submitted."
5650,3,javax.swing.text.html.HTMLDocument.HTMLReader.ParagraphAction,"No summary available","Enclosing class: HTMLDocument.HTMLReader Action assigned by default to handle the Paragraph task of the reader."
5652,3,javax.swing.text.html.HTMLDocument.HTMLReader.PreAction,"No summary available","Enclosing class: HTMLDocument.HTMLReader Action assigned by default to handle the Pre block task of the reader."
5654,3,javax.swing.text.html.HTMLDocument.HTMLReader.BlockAction,"No summary available","Direct Known Subclasses: HTMLDocument.HTMLReader.ParagraphAction , HTMLDocument.HTMLReader.PreAction Enclosing class: HTMLDocument.HTMLReader Action assigned by default to handle the Block task of the reader."
5656,3,javax.swing.text.html.HTMLDocument.HTMLReader.HiddenAction,"No summary available","Enclosing class: HTMLDocument.HTMLReader Action assigned by default to handle the Hidden task of the reader."
5657,3,javax.swing.text.html.HTMLDocument.HTMLReader,"No summary available","Enclosing class: HTMLDocument An HTML reader to load an HTML document with an HTML
 element structure.  This is a set of callbacks from
 the parser, implemented to create a set of elements
 tagged with attributes.  The parse builds up tokens
 (ElementSpec) that describe the element subtree desired,
 and burst it into the document under the protection of
 a write lock using the insert method on the document
 outer class. The reader can be configured by registering actions
 (of..."
5677,3,javax.swing.table.JTableHeader.AccessibleJTableHeader,"No summary available","All Implemented Interfaces: Serializable , AccessibleComponent , AccessibleExtendedComponent Enclosing class: JTableHeader This class implements accessibility support for the JTableHeader class.  It provides an implementation of the
 Java Accessibility API appropriate to table header user-interface
 elements. Warning: Serialized objects of this class will not be compatible with
 future Swing releases. The current serialization support is
 appropriate for short term storage or..."
5684,3,javax.swing.table.JTableHeader.AccessibleJTableHeader.AccessibleJTableHeaderEntry,"No summary available","All Implemented Interfaces: Accessible , AccessibleComponent Enclosing class: JTableHeader.AccessibleJTableHeader This class provides an implementation of the Java Accessibility
 API appropriate for JTableHeader entries."
5751,3,javax.swing.tree.DefaultTreeCellEditor.EditorContainer,"No summary available","All Implemented Interfaces: ImageObserver , MenuContainer , Serializable Enclosing class: DefaultTreeCellEditor Container responsible for placing the editingComponent ."
5753,3,javax.swing.tree.DefaultTreeCellEditor.DefaultTextField,"No summary available","All Implemented Interfaces: ImageObserver , MenuContainer , Serializable , Accessible , Scrollable , SwingConstants Enclosing class: DefaultTreeCellEditor TextField used when no editor is supplied.
 This textfield locks into the border it is constructed with.
 It also prefers its parents font over its font. And if the
 renderer is not null and no font
 has been specified the preferred height is that of the renderer."
5838,3,javax.swing.plaf.metal.MetalFileChooserUI.FilterComboBoxModel,"No summary available","All Implemented Interfaces: PropertyChangeListener , Serializable , EventListener , ComboBoxModel < Object > , ListModel < Object > Enclosing class: MetalFileChooserUI Data model for a type-face selection combo-box."
5849,3,javax.swing.plaf.metal.MetalTabbedPaneUI.TabbedPaneLayout,"No summary available","All Implemented Interfaces: LayoutManager Enclosing class: MetalTabbedPaneUI This class should be treated as a ""protected"" inner class.
 Instantiate it only within subclasses of MetalTabbedPaneUI ."
5851,3,javax.swing.plaf.metal.MetalFileChooserUI.SingleClickListener,"No summary available","All Implemented Interfaces: MouseListener , MouseMotionListener , MouseWheelListener , EventListener Enclosing class: MetalFileChooserUI Deprecated. As of JDK version 9. Obsolete class. Obsolete class, not used in this version."
5852,3,javax.swing.plaf.metal.MetalFileChooserUI.FileRenderer,"No summary available","All Implemented Interfaces: ImageObserver , MenuContainer , Serializable , Accessible , ListCellRenderer < Object > , SwingConstants Enclosing class: MetalFileChooserUI Deprecated. As of JDK version 9. Obsolete class. Obsolete class, not used in this version."
5856,3,javax.swing.plaf.metal.MetalToolBarUI.MetalRolloverListener,"No summary available","All Implemented Interfaces: PropertyChangeListener , EventListener Enclosing class: MetalToolBarUI No longer used. The class cannot be removed for compatibility reasons."
5858,3,javax.swing.plaf.metal.MetalComboBoxUI.MetalComboPopup,"No summary available","All Implemented Interfaces: ImageObserver , MenuContainer , Serializable , Accessible , MenuElement , ComboPopup Enclosing class: MetalComboBoxUI Deprecated. As of Java 2 platform v1.4. This class should be treated as a ""protected"" inner class.
 Instantiate it only within subclasses of MetalComboBoxUI .

 This class is now obsolete and doesn't do anything and
 is only included for backwards API compatibility. Do not call or
 override."
5863,3,javax.swing.plaf.metal.MetalToolBarUI.MetalDockingListener,"No summary available","All Implemented Interfaces: MouseListener , MouseMotionListener , EventListener , MouseInputListener Enclosing class: MetalToolBarUI DockingListener for MetalToolBarUI ."
5865,3,javax.swing.plaf.metal.MetalFileChooserUI.DirectoryComboBoxModel,"No summary available","All Implemented Interfaces: Serializable , ComboBoxModel < Object > , ListModel < Object > Enclosing class: MetalFileChooserUI Data model for a type-face selection combo-box."
5867,3,javax.swing.plaf.metal.MetalComboBoxUI.MetalComboBoxLayoutManager,"No summary available","All Implemented Interfaces: LayoutManager Enclosing class: MetalComboBoxUI This class should be treated as a ""protected"" inner class.
 Instantiate it only within subclasses of MetalComboBoxUI ."
5873,3,javax.swing.plaf.metal.MetalToolBarUI.MetalContainerListener,"No summary available","All Implemented Interfaces: ContainerListener , EventListener Enclosing class: MetalToolBarUI No longer used. The class cannot be removed for compatibility reasons."
5879,3,javax.swing.plaf.metal.MetalSliderUI.MetalPropertyListener,"No summary available","All Implemented Interfaces: PropertyChangeListener , EventListener Enclosing class: MetalSliderUI PropertyListener for JSlider.isFilled ."
5891,3,javax.swing.plaf.metal.MetalFileChooserUI.FilterComboBoxRenderer,"No summary available","All Implemented Interfaces: ImageObserver , MenuContainer , Serializable , Accessible , ListCellRenderer < Object > , SwingConstants Enclosing class: MetalFileChooserUI Render different type sizes and styles."
5906,3,javax.swing.plaf.metal.MetalComboBoxUI.MetalPropertyChangeListener,"No summary available","All Implemented Interfaces: PropertyChangeListener , EventListener Enclosing class: MetalComboBoxUI This class should be treated as a ""protected"" inner class.
 Instantiate it only within subclasses of MetalComboBoxUI ."
5907,3,javax.swing.plaf.metal.MetalFileChooserUI.DirectoryComboBoxAction,"No summary available","All Implemented Interfaces: ActionListener , Serializable , Cloneable , EventListener , Action Enclosing class: MetalFileChooserUI Acts when DirectoryComboBox has changed the selected item."
5959,3,javax.swing.plaf.basic.BasicComboBoxUI.ComboBoxLayoutManager,"No summary available","All Implemented Interfaces: LayoutManager Direct Known Subclasses: MetalComboBoxUI.MetalComboBoxLayoutManager Enclosing class: BasicComboBoxUI This layout manager handles the 'standard' layout of combo boxes.  It puts
 the arrow button to the right and the editor to the left.  If there is no
 editor it still keeps the arrow button to the right.

 This public inner class should be treated as protected.
 Instantiate it only within subclasses of BasicComboBoxUI ."
5960,3,javax.swing.plaf.basic.BasicInternalFrameUI.BasicInternalFrameListener,"No summary available","All Implemented Interfaces: EventListener , InternalFrameListener Enclosing class: BasicInternalFrameUI Basic internal frame listener."
5961,3,javax.swing.plaf.basic.BasicOptionPaneUI.ButtonActionListener,"No summary available","All Implemented Interfaces: ActionListener , EventListener Enclosing class: BasicOptionPaneUI This class should be treated as a ""protected"" inner class.
 Instantiate it only within subclasses of BasicOptionPaneUI ."
5963,3,javax.swing.plaf.basic.BasicSplitPaneUI.KeyboardResizeToggleHandler,"No summary available","All Implemented Interfaces: ActionListener , EventListener Enclosing class: BasicSplitPaneUI Implementation of an ActionListener that the JSplitPane UI uses for
 handling specific key presses. This class should be treated as a ""protected"" inner class.
 Instantiate it only within subclasses of BasicSplitPaneUI."
5965,3,javax.swing.plaf.basic.BasicSplitPaneUI.KeyboardEndHandler,"No summary available","All Implemented Interfaces: ActionListener , EventListener Enclosing class: BasicSplitPaneUI Implementation of an ActionListener that the JSplitPane UI uses for
 handling specific key presses. This class should be treated as a ""protected"" inner class.
 Instantiate it only within subclasses of BasicSplitPaneUI."
5969,3,javax.swing.plaf.basic.BasicSliderUI.FocusHandler,"No summary available","All Implemented Interfaces: FocusListener , EventListener Enclosing class: BasicSliderUI Focus-change listener. This class should be treated as a ""protected"" inner class.
 Instantiate it only within subclasses of Foo ."
5971,3,javax.swing.plaf.basic.BasicInternalFrameTitlePane.RestoreAction,"No summary available","All Implemented Interfaces: ActionListener , Serializable , Cloneable , EventListener , Action Enclosing class: BasicInternalFrameTitlePane This class should be treated as a ""protected"" inner class.
 Instantiate it only within subclasses of Foo ."
5974,3,javax.swing.plaf.basic.BasicDesktopPaneUI.OpenAction,"No summary available","All Implemented Interfaces: ActionListener , Serializable , Cloneable , EventListener , Action Enclosing class: BasicDesktopPaneUI Handles restoring a minimized or maximized internal frame. Since: 1.3"
5978,3,javax.swing.plaf.basic.BasicTreeUI.NodeDimensionsHandler,"No summary available","Enclosing class: BasicTreeUI Class responsible for getting size of node, method is forwarded
 to BasicTreeUI method. X location does not include insets, that is
 handled in getPathBounds."
5980,3,javax.swing.plaf.basic.BasicToolBarUI.DragWindow,"No summary available","All Implemented Interfaces: ImageObserver , MenuContainer , Serializable , Accessible Enclosing class: BasicToolBarUI The window which appears during dragging the JToolBar ."
5981,3,javax.swing.plaf.basic.BasicFileChooserUI.CancelSelectionAction,"No summary available","All Implemented Interfaces: ActionListener , Serializable , Cloneable , EventListener , Action Enclosing class: BasicFileChooserUI Responds to a cancel request."
5982,3,javax.swing.plaf.basic.BasicInternalFrameUI.BorderListener,"No summary available","All Implemented Interfaces: MouseListener , MouseMotionListener , MouseWheelListener , EventListener , MouseInputListener , SwingConstants Enclosing class: BasicInternalFrameUI Listens for border adjustments."
5983,3,javax.swing.plaf.basic.BasicFileChooserUI.ApproveSelectionAction,"No summary available","All Implemented Interfaces: ActionListener , Serializable , Cloneable , EventListener , Action Enclosing class: BasicFileChooserUI Responds to an Open or Save request"
5985,3,javax.swing.plaf.basic.BasicComboPopup.InvocationMouseMotionHandler,"No summary available","All Implemented Interfaces: MouseMotionListener , EventListener Enclosing class: BasicComboPopup This listener watches for dragging and updates the current selection in the
 list if it is dragging over the list."
5987,3,javax.swing.plaf.basic.BasicFileChooserUI.GoHomeAction,"No summary available","All Implemented Interfaces: ActionListener , Serializable , Cloneable , EventListener , Action Enclosing class: BasicFileChooserUI Acts on the ""home"" key event or equivalent event."
5989,3,javax.swing.plaf.basic.BasicDesktopPaneUI.MinimizeAction,"No summary available","All Implemented Interfaces: ActionListener , Serializable , Cloneable , EventListener , Action Enclosing class: BasicDesktopPaneUI Handles minimizing an internal frame."
5990,3,javax.swing.plaf.basic.BasicTreeUI.TreePageAction,"No summary available","All Implemented Interfaces: ActionListener , Serializable , Cloneable , EventListener , Action Enclosing class: BasicTreeUI TreePageAction handles page up and page down events."
5991,3,javax.swing.plaf.basic.BasicListUI.PropertyChangeHandler,"No summary available","All Implemented Interfaces: PropertyChangeListener , EventListener Enclosing class: BasicListUI The PropertyChangeListener that's added to the JList at
 installUI time.  When the value of a JList property that
 affects layout changes, we set a bit in updateLayoutStateNeeded.
 If the JLists model changes we additionally remove our listeners
 from the old model.  Likewise for the JList selectionModel. Warning: Serialized objects of this class will not be compatible with
 future..."
5992,3,javax.swing.plaf.basic.BasicMenuUI.ChangeHandler,"No summary available","All Implemented Interfaces: EventListener , ChangeListener Enclosing class: BasicMenuUI As of Java 2 platform 1.4, this previously undocumented class
 is now obsolete. KeyBindings are now managed by the popup menu."
5993,3,javax.swing.plaf.basic.BasicToolBarUI.DockingListener,"No summary available","All Implemented Interfaces: MouseListener , MouseMotionListener , EventListener , MouseInputListener Direct Known Subclasses: MetalToolBarUI.MetalDockingListener Enclosing class: BasicToolBarUI This class should be treated as a ""protected"" inner class.
 Instantiate it only within subclasses of BasicToolBarUI."
5995,3,javax.swing.plaf.basic.BasicScrollBarUI.ModelListener,"No summary available","All Implemented Interfaces: EventListener , ChangeListener Enclosing class: BasicScrollBarUI A listener to listen for model changes."
5996,3,javax.swing.plaf.basic.BasicSplitPaneUI.PropertyHandler,"No summary available","All Implemented Interfaces: PropertyChangeListener , EventListener Enclosing class: BasicSplitPaneUI Implementation of the PropertyChangeListener
 that the JSplitPane UI uses. This class should be treated as a ""protected"" inner class.
 Instantiate it only within subclasses of BasicSplitPaneUI."
5997,3,javax.swing.plaf.basic.BasicTabbedPaneUI.PropertyChangeHandler,"No summary available","All Implemented Interfaces: PropertyChangeListener , EventListener Enclosing class: BasicTabbedPaneUI This class should be treated as a ""protected"" inner class.
 Instantiate it only within subclasses of BasicTabbedPaneUI."
5998,3,javax.swing.plaf.basic.BasicTableHeaderUI.MouseInputHandler,"No summary available","All Implemented Interfaces: MouseListener , MouseMotionListener , EventListener , MouseInputListener Enclosing class: BasicTableHeaderUI This class should be treated as a ""protected"" inner class.
 Instantiate it only within subclasses of BasicTableHeaderUI ."
5999,3,javax.swing.plaf.basic.BasicTreeUI.TreeToggleAction,"No summary available","All Implemented Interfaces: ActionListener , Serializable , Cloneable , EventListener , Action Enclosing class: BasicTreeUI For the first selected row expandedness will be toggled."
6000,3,javax.swing.plaf.basic.BasicDesktopPaneUI.NavigateAction,"No summary available","All Implemented Interfaces: ActionListener , Serializable , Cloneable , EventListener , Action Enclosing class: BasicDesktopPaneUI Handles navigating to the next internal frame."
6003,3,javax.swing.plaf.basic.BasicTreeUI.TreeIncrementAction,"No summary available","All Implemented Interfaces: ActionListener , Serializable , Cloneable , EventListener , Action Enclosing class: BasicTreeUI TreeIncrementAction is used to handle up/down actions.  Selection
 is moved up or down based on direction."
6004,3,javax.swing.plaf.basic.BasicSliderUI.TrackListener,"No summary available","All Implemented Interfaces: MouseListener , MouseMotionListener , MouseWheelListener , EventListener , MouseInputListener Enclosing class: BasicSliderUI Track mouse movements.

 This class should be treated as a ""protected"" inner class.
 Instantiate it only within subclasses of Foo ."
6005,3,javax.swing.plaf.basic.BasicFileChooserUI.ChangeToParentDirectoryAction,"No summary available","All Implemented Interfaces: ActionListener , Serializable , Cloneable , EventListener , Action Enclosing class: BasicFileChooserUI Change to parent directory action."
6006,3,javax.swing.plaf.basic.BasicTreeUI.TreeModelHandler,"No summary available","All Implemented Interfaces: EventListener , TreeModelListener Enclosing class: BasicTreeUI Forwards all TreeModel events to the TreeState."
6007,3,javax.swing.plaf.basic.BasicSplitPaneUI.KeyboardUpLeftHandler,"No summary available","All Implemented Interfaces: ActionListener , EventListener Enclosing class: BasicSplitPaneUI Implementation of an ActionListener that the JSplitPane UI uses for
 handling specific key presses. This class should be treated as a ""protected"" inner class.
 Instantiate it only within subclasses of BasicSplitPaneUI."
6008,3,javax.swing.plaf.basic.BasicSplitPaneDivider.DividerLayout,"No summary available","All Implemented Interfaces: LayoutManager Enclosing class: BasicSplitPaneDivider Used to layout a BasicSplitPaneDivider .
 Layout for the divider
 involves appropriately moving the left/right buttons around."
6011,3,javax.swing.plaf.basic.BasicComboPopup.PropertyChangeHandler,"No summary available","All Implemented Interfaces: PropertyChangeListener , EventListener Enclosing class: BasicComboPopup This listener watches for bound properties that have changed in the
 combo box. Subclasses which wish to listen to combo box property changes should
 call the superclass methods to ensure that the combo popup correctly
 handles property changes. See Also: BasicComboPopup.createPropertyChangeListener()"
6012,3,javax.swing.plaf.basic.BasicSliderUI.ComponentHandler,"No summary available","All Implemented Interfaces: ComponentListener , EventListener Enclosing class: BasicSliderUI Listener for resizing events. This class should be treated as a ""protected"" inner class.
 Instantiate it only within subclasses of Foo ."
6013,3,javax.swing.plaf.basic.BasicTabbedPaneUI.TabSelectionHandler,"No summary available","All Implemented Interfaces: EventListener , ChangeListener Enclosing class: BasicTabbedPaneUI This class should be treated as a ""protected"" inner class.
 Instantiate it only within subclasses of BasicTabbedPaneUI."
6014,3,javax.swing.plaf.basic.BasicInternalFrameUI.InternalFrameLayout,"No summary available","All Implemented Interfaces: LayoutManager Enclosing class: BasicInternalFrameUI Internal frame layout."
6015,3,javax.swing.plaf.basic.BasicTreeUI.CellEditorHandler,"No summary available","All Implemented Interfaces: EventListener , CellEditorListener Enclosing class: BasicTreeUI Listener responsible for getting cell editing events and updating
 the tree accordingly."
6016,3,javax.swing.plaf.basic.BasicMenuUI.MouseInputHandler,"No summary available","All Implemented Interfaces: MouseListener , MouseMotionListener , EventListener , MouseInputListener Enclosing class: BasicMenuUI Instantiated and used by a menu item to handle the current menu selection
 from mouse events. A MouseInputHandler processes and forwards all mouse events
 to a shared instance of the MenuSelectionManager. This class is protected so that it can be subclassed by other look and
 feels to implement their own mouse handling behavior. All overridden
 met..."
6017,3,javax.swing.plaf.basic.BasicTreeUI.TreeExpansionHandler,"No summary available","All Implemented Interfaces: EventListener , TreeExpansionListener Enclosing class: BasicTreeUI Updates the TreeState in response to nodes expanding/collapsing."
6018,3,javax.swing.plaf.basic.BasicTreeUI.TreeCancelEditingAction,"No summary available","All Implemented Interfaces: ActionListener , Serializable , Cloneable , EventListener , Action Enclosing class: BasicTreeUI ActionListener that invokes cancelEditing when action performed."
6019,3,javax.swing.plaf.basic.BasicTreeUI.TreeHomeAction,"No summary available","All Implemented Interfaces: ActionListener , Serializable , Cloneable , EventListener , Action Enclosing class: BasicTreeUI TreeHomeAction is used to handle end/home actions.
 Scrolls either the first or last cell to be visible based on
 direction."
6021,3,javax.swing.plaf.basic.BasicSplitPaneDivider.DragController,"No summary available","Direct Known Subclasses: BasicSplitPaneDivider.VerticalDragController Enclosing class: BasicSplitPaneDivider Handles the events during a dragging session for a
 HORIZONTAL_SPLIT oriented split pane. This continually
 messages dragDividerTo and then when done messages finishDraggingTo . When an instance is created it should be
 messaged with isValid to insure that dragging can happen
 (dragging won't be allowed if the two views can not be resized). Warning: Serialized objects ..."
6022,3,javax.swing.plaf.basic.BasicProgressBarUI.ChangeHandler,"No summary available","All Implemented Interfaces: EventListener , ChangeListener Enclosing class: BasicProgressBarUI This class should be treated as a ""protected"" inner class.
 Instantiate it only within subclasses of BasicProgressBarUI ."
6024,3,javax.swing.plaf.basic.BasicComboPopup.ListDataHandler,"No summary available","All Implemented Interfaces: EventListener , ListDataListener Enclosing class: BasicComboPopup As of 1.4, this class is now obsolete, doesn't do anything, and
 is only included for backwards API compatibility. Do not call or
 override. The functionality has been migrated into ItemHandler . See Also: BasicComboPopup.createItemListener()"
6025,3,javax.swing.plaf.basic.BasicToolBarUI.ToolBarContListener,"No summary available","All Implemented Interfaces: ContainerListener , EventListener Direct Known Subclasses: MetalToolBarUI.MetalContainerListener Enclosing class: BasicToolBarUI The class listens for component events."
6026,3,javax.swing.plaf.basic.BasicInternalFrameTitlePane.PropertyChangeHandler,"No summary available","All Implemented Interfaces: PropertyChangeListener , EventListener Enclosing class: BasicInternalFrameTitlePane This class should be treated as a ""protected"" inner class.
 Instantiate it only within subclasses of Foo ."
6027,3,javax.swing.plaf.basic.BasicTabbedPaneUI.TabbedPaneLayout,"No summary available","All Implemented Interfaces: LayoutManager Direct Known Subclasses: MetalTabbedPaneUI.TabbedPaneLayout Enclosing class: BasicTabbedPaneUI This class should be treated as a ""protected"" inner class.
 Instantiate it only within subclasses of BasicTabbedPaneUI."
6028,3,javax.swing.plaf.basic.BasicScrollPaneUI.ViewportChangeHandler,"No summary available","All Implemented Interfaces: EventListener , ChangeListener Enclosing class: BasicScrollPaneUI Deprecated. Listener for viewport events.
 This class exists only for backward compatibility.
 All its functionality has been moved into Handler."
6030,3,javax.swing.plaf.basic.BasicInternalFrameUI.InternalFramePropertyChangeListener,"No summary available","All Implemented Interfaces: PropertyChangeListener , EventListener Enclosing class: BasicInternalFrameUI Internal frame property change listener."
6031,3,javax.swing.plaf.basic.BasicInternalFrameTitlePane.SizeAction,"No summary available","All Implemented Interfaces: ActionListener , Serializable , Cloneable , EventListener , Action Enclosing class: BasicInternalFrameTitlePane This class should be treated as a ""protected"" inner class.
 Instantiate it only within subclasses of Foo ."
6032,3,javax.swing.plaf.basic.BasicScrollBarUI.ArrowButtonListener,"No summary available","All Implemented Interfaces: MouseListener , MouseMotionListener , MouseWheelListener , EventListener Enclosing class: BasicScrollBarUI Listener for cursor keys."
6033,3,javax.swing.plaf.basic.BasicScrollBarUI.PropertyChangeHandler,"No summary available","All Implemented Interfaces: PropertyChangeListener , EventListener Enclosing class: BasicScrollBarUI Property change handler"
6037,3,javax.swing.plaf.basic.BasicSliderUI.ActionScroller,"No summary available","All Implemented Interfaces: ActionListener , Serializable , Cloneable , EventListener , Action Enclosing class: BasicSliderUI As of Java 2 platform v1.3 this undocumented class is no longer used.
 The recommended approach to creating bindings is to use a
 combination of an ActionMap , to contain the action,
 and an InputMap to contain the mapping from KeyStroke
 to action description. The InputMap is usually described in the
 LookAndFeel tables. Please refer to the key bindin..."
6038,3,javax.swing.plaf.basic.BasicFileChooserUI.DoubleClickListener,"No summary available","All Implemented Interfaces: MouseListener , MouseMotionListener , MouseWheelListener , EventListener Enclosing class: BasicFileChooserUI A double click listener."
6039,3,javax.swing.plaf.basic.BasicListUI.FocusHandler,"No summary available","All Implemented Interfaces: FocusListener , EventListener Enclosing class: BasicListUI This class should be treated as a ""protected"" inner class.
 Instantiate it only within subclasses of BasicListUI ."
6041,3,javax.swing.plaf.basic.BasicSplitPaneUI.BasicVerticalLayoutManager,"No summary available","All Implemented Interfaces: LayoutManager , LayoutManager2 Enclosing class: BasicSplitPaneUI LayoutManager used for JSplitPanes with an orientation of
 VERTICAL_SPLIT."
6044,3,javax.swing.plaf.basic.BasicComboBoxUI.ListDataHandler,"No summary available","All Implemented Interfaces: EventListener , ListDataListener Enclosing class: BasicComboBoxUI This listener watches for changes in the ComboBoxModel . This public inner class should be treated as protected.
 Instantiate it only within subclasses of BasicComboBoxUI . See Also: BasicComboBoxUI.createListDataListener()"
6046,3,javax.swing.plaf.basic.BasicInternalFrameTitlePane.IconifyAction,"No summary available","All Implemented Interfaces: ActionListener , Serializable , Cloneable , EventListener , Action Enclosing class: BasicInternalFrameTitlePane This class should be treated as a ""protected"" inner class.
 Instantiate it only within subclasses of Foo ."
6048,3,javax.swing.plaf.basic.BasicSliderUI.ScrollListener,"No summary available","All Implemented Interfaces: ActionListener , EventListener Enclosing class: BasicSliderUI Scroll-event listener.

 This class should be treated as a ""protected"" inner class.
 Instantiate it only within subclasses of Foo ."
6049,3,javax.swing.plaf.basic.BasicInternalFrameTitlePane.TitlePaneLayout,"No summary available","All Implemented Interfaces: LayoutManager Enclosing class: BasicInternalFrameTitlePane This class should be treated as a ""protected"" inner class.
 Instantiate it only within subclasses of Foo ."
6050,3,javax.swing.plaf.basic.BasicScrollBarUI.TrackListener,"No summary available","All Implemented Interfaces: MouseListener , MouseMotionListener , MouseWheelListener , EventListener Enclosing class: BasicScrollBarUI Track mouse drags."
6052,3,javax.swing.plaf.basic.BasicComboPopup.InvocationKeyHandler,"No summary available","All Implemented Interfaces: KeyListener , EventListener Enclosing class: BasicComboPopup As of Java 2 platform v 1.4, this class is now obsolete and is only included for
 backwards API compatibility. Do not instantiate or subclass. All the functionality of this class has been included in
 BasicComboBoxUI ActionMap/InputMap methods."
6053,3,javax.swing.plaf.basic.BasicTabbedPaneUI.FocusHandler,"No summary available","All Implemented Interfaces: FocusListener , EventListener Enclosing class: BasicTabbedPaneUI This class should be treated as a ""protected"" inner class.
 Instantiate it only within subclasses of BasicTabbedPaneUI."
6056,3,javax.swing.plaf.basic.BasicComboPopup.ListMouseHandler,"No summary available","All Implemented Interfaces: MouseListener , MouseMotionListener , MouseWheelListener , EventListener Enclosing class: BasicComboPopup This listener hides the popup when the mouse is released in the list."
6057,3,javax.swing.plaf.basic.BasicTreeUI.PropertyChangeHandler,"No summary available","All Implemented Interfaces: PropertyChangeListener , EventListener Enclosing class: BasicTreeUI PropertyChangeListener for the tree. Updates the appropriate
 variable, or TreeState, based on what changes."
6058,3,javax.swing.plaf.basic.BasicComboPopup.ItemHandler,"No summary available","All Implemented Interfaces: ItemListener , EventListener Enclosing class: BasicComboPopup This listener watches for changes to the selection in the
 combo box."
6060,3,javax.swing.plaf.basic.BasicTreeUI.TreeSelectionHandler,"No summary available","All Implemented Interfaces: EventListener , TreeSelectionListener Enclosing class: BasicTreeUI Listens for changes in the selection model and updates the display
 accordingly."
6061,3,javax.swing.plaf.basic.BasicTreeUI.KeyHandler,"No summary available","All Implemented Interfaces: KeyListener , EventListener Enclosing class: BasicTreeUI This is used to get multiple key down events to appropriately generate
 events."
6062,3,javax.swing.plaf.basic.BasicTreeUI.TreeTraverseAction,"No summary available","All Implemented Interfaces: ActionListener , Serializable , Cloneable , EventListener , Action Enclosing class: BasicTreeUI TreeTraverseAction is the action used for left/right keys.
 Will toggle the expandedness of a node, as well as potentially
 incrementing the selection."
6063,3,javax.swing.plaf.basic.BasicTreeUI.SelectionModelPropertyChangeHandler,"No summary available","All Implemented Interfaces: PropertyChangeListener , EventListener Enclosing class: BasicTreeUI Listener on the TreeSelectionModel, resets the row selection if
 any of the properties of the model change."
6065,3,javax.swing.plaf.basic.BasicSplitPaneDivider.VerticalDragController,"No summary available","Enclosing class: BasicSplitPaneDivider Handles the events during a dragging session for a
 VERTICAL_SPLIT oriented split pane. This continually
 messages dragDividerTo and then when done messages finishDraggingTo . When an instance is created it should be
 messaged with isValid to insure that dragging can happen
 (dragging won't be allowed if the two views can not be resized)."
6066,3,javax.swing.plaf.basic.BasicSplitPaneDivider.MouseHandler,"No summary available","All Implemented Interfaces: MouseListener , MouseMotionListener , MouseWheelListener , EventListener Enclosing class: BasicSplitPaneDivider MouseHandler is responsible for converting mouse events
 (released, dragged...) into the appropriate DragController
 methods."
6068,3,javax.swing.plaf.basic.BasicFileChooserUI.SelectionListener,"No summary available","All Implemented Interfaces: EventListener , ListSelectionListener Enclosing class: BasicFileChooserUI A selection listener."
6069,3,javax.swing.plaf.basic.BasicComboBoxUI.ItemHandler,"No summary available","All Implemented Interfaces: ItemListener , EventListener Enclosing class: BasicComboBoxUI This listener watches for changes to the selection in the
 combo box. This public inner class should be treated as protected.
 Instantiate it only within subclasses of BasicComboBoxUI . See Also: BasicComboBoxUI.createItemListener()"
6071,3,javax.swing.plaf.basic.BasicTabbedPaneUI.MouseHandler,"No summary available","All Implemented Interfaces: MouseListener , MouseMotionListener , MouseWheelListener , EventListener Enclosing class: BasicTabbedPaneUI This class should be treated as a ""protected"" inner class.
 Instantiate it only within subclasses of BasicTabbedPaneUI."
6072,3,javax.swing.plaf.basic.BasicSplitPaneUI.BasicHorizontalLayoutManager,"No summary available","All Implemented Interfaces: LayoutManager , LayoutManager2 Direct Known Subclasses: BasicSplitPaneUI.BasicVerticalLayoutManager Enclosing class: BasicSplitPaneUI LayoutManager for JSplitPanes that have an orientation of
 HORIZONTAL_SPLIT."
6077,3,javax.swing.plaf.basic.BasicSplitPaneUI.FocusHandler,"No summary available","All Implemented Interfaces: FocusListener , EventListener Enclosing class: BasicSplitPaneUI Implementation of the FocusListener that the JSplitPane UI uses. This class should be treated as a ""protected"" inner class.
 Instantiate it only within subclasses of BasicSplitPaneUI."
6080,3,javax.swing.plaf.basic.BasicTableUI.KeyHandler,"No summary available","All Implemented Interfaces: KeyListener , EventListener Enclosing class: BasicTableUI This class should be treated as a ""protected"" inner class.
 Instantiate it only within subclasses of BasicTableUI . As of Java 2 platform v1.3 this class is no longer used.
 Instead JTable overrides processKeyBinding to dispatch the event to
 the current TableCellEditor ."
6081,3,javax.swing.plaf.basic.BasicComboPopup.InvocationMouseHandler,"No summary available","All Implemented Interfaces: MouseListener , MouseMotionListener , MouseWheelListener , EventListener Enclosing class: BasicComboPopup A listener to be registered upon the combo box
 ( not its popup menu)
 to handle mouse events
 that affect the state of the popup menu.
 The main purpose of this listener is to make the popup menu
 appear and disappear.
 This listener also helps
 with click-and-drag scenarios by setting the selection if the mouse was
 released over the list dur..."
6083,3,javax.swing.plaf.basic.BasicInternalFrameTitlePane.CloseAction,"No summary available","All Implemented Interfaces: ActionListener , Serializable , Cloneable , EventListener , Action Enclosing class: BasicInternalFrameTitlePane This class should be treated as a ""protected"" inner class.
 Instantiate it only within subclasses of Foo ."
6084,3,javax.swing.plaf.basic.BasicScrollPaneUI.PropertyChangeHandler,"No summary available","All Implemented Interfaces: PropertyChangeListener , EventListener Enclosing class: BasicScrollPaneUI Deprecated. Property change handler.
 This class exists only for backward compatibility.
 All its functionality has been moved into Handler."
6085,3,javax.swing.plaf.basic.BasicMenuItemUI.MouseInputHandler,"No summary available","All Implemented Interfaces: MouseListener , MouseMotionListener , EventListener , MouseInputListener Enclosing class: BasicMenuItemUI Deprecated. Mouse input handler.
 This class exists only for backward compatibility.
 All its functionality has been moved into Handler."
6086,3,javax.swing.plaf.basic.BasicScrollBarUI.ScrollListener,"No summary available","All Implemented Interfaces: ActionListener , EventListener Enclosing class: BasicScrollBarUI Listener for scrolling events initiated in the ScrollPane ."
6087,3,javax.swing.plaf.basic.BasicTreeUI.MouseHandler,"No summary available","All Implemented Interfaces: MouseListener , MouseMotionListener , MouseWheelListener , EventListener Enclosing class: BasicTreeUI TreeMouseListener is responsible for updating the selection
 based on mouse events."
6089,3,javax.swing.plaf.basic.BasicTableUI.MouseInputHandler,"No summary available","All Implemented Interfaces: MouseListener , MouseMotionListener , EventListener , MouseInputListener Enclosing class: BasicTableUI This class should be treated as a ""protected"" inner class.
 Instantiate it only within subclasses of BasicTableUI."
6090,3,javax.swing.plaf.basic.BasicSplitPaneUI.KeyboardDownRightHandler,"No summary available","All Implemented Interfaces: ActionListener , EventListener Enclosing class: BasicSplitPaneUI Implementation of an ActionListener that the JSplitPane UI uses for
 handling specific key presses. This class should be treated as a ""protected"" inner class.
 Instantiate it only within subclasses of BasicSplitPaneUI."
6092,3,javax.swing.plaf.basic.BasicListUI.ListSelectionHandler,"No summary available","All Implemented Interfaces: EventListener , ListSelectionListener Enclosing class: BasicListUI The ListSelectionListener that's added to the JLists selection
 model at installUI time, and whenever the JList.selectionModel property
 changes.  When the selection changes we repaint the affected rows. Warning: Serialized objects of this class will not be compatible with
 future Swing releases. The current serialization support is
 appropriate for short term storage or RMI between..."
6095,3,javax.swing.plaf.basic.BasicSliderUI.PropertyChangeHandler,"No summary available","All Implemented Interfaces: PropertyChangeListener , EventListener Direct Known Subclasses: MetalSliderUI.MetalPropertyListener Enclosing class: BasicSliderUI A property change handler."
6096,3,javax.swing.plaf.basic.BasicComboBoxUI.PropertyChangeHandler,"No summary available","All Implemented Interfaces: PropertyChangeListener , EventListener Direct Known Subclasses: MetalComboBoxUI.MetalPropertyChangeListener Enclosing class: BasicComboBoxUI This listener watches for bound properties that have changed in the
 combo box. Subclasses which wish to listen to combo box property changes should
 call the superclass methods to ensure that the combo box ui correctly
 handles property changes. This public inner class should be treated as protected.
 Instant..."
6097,3,javax.swing.plaf.basic.BasicListUI.ListDataHandler,"No summary available","All Implemented Interfaces: EventListener , ListDataListener Enclosing class: BasicListUI The ListDataListener that's added to the JLists model at installUI time , and whenever the JList.model property changes. Warning: Serialized objects of this class will not be compatible with
 future Swing releases. The current serialization support is
 appropriate for short term storage or RMI between applications running
 the same version of Swing.  As of 1.4, support for long term stor..."
6098,3,javax.swing.plaf.basic.BasicComboBoxUI.KeyHandler,"No summary available","All Implemented Interfaces: KeyListener , EventListener Enclosing class: BasicComboBoxUI This listener checks to see if the key event isn't a navigation key.  If
 it finds a key event that wasn't a navigation key it dispatches it to
 JComboBox.selectWithKeyChar() so that it can do type-ahead.

 This public inner class should be treated as protected.
 Instantiate it only within subclasses of BasicComboBoxUI ."
6101,3,javax.swing.plaf.basic.BasicDesktopPaneUI.MaximizeAction,"No summary available","All Implemented Interfaces: ActionListener , Serializable , Cloneable , EventListener , Action Enclosing class: BasicDesktopPaneUI Handles maximizing an internal frame."
6102,3,javax.swing.plaf.basic.BasicTreeUI.MouseInputHandler,"No summary available","All Implemented Interfaces: MouseListener , MouseMotionListener , EventListener , MouseInputListener Enclosing class: BasicTreeUI MouseInputHandler handles passing all mouse events,
 including mouse motion events, until the mouse is released to
 the destination it is constructed with. It is assumed all the
 events are currently target at source."
6103,3,javax.swing.plaf.basic.BasicScrollPaneUI.HSBChangeListener,"No summary available","All Implemented Interfaces: EventListener , ChangeListener Enclosing class: BasicScrollPaneUI Deprecated. Horizontal scrollbar listener.
 This class exists only for backward compatibility.
 All its functionality has been moved into Handler."
6106,3,javax.swing.plaf.basic.BasicSplitPaneUI.KeyboardHomeHandler,"No summary available","All Implemented Interfaces: ActionListener , EventListener Enclosing class: BasicSplitPaneUI Implementation of an ActionListener that the JSplitPane UI uses for
 handling specific key presses. This class should be treated as a ""protected"" inner class.
 Instantiate it only within subclasses of BasicSplitPaneUI."
6107,3,javax.swing.plaf.basic.BasicInternalFrameTitlePane.MoveAction,"No summary available","All Implemented Interfaces: ActionListener , Serializable , Cloneable , EventListener , Action Enclosing class: BasicInternalFrameTitlePane This class should be treated as a ""protected"" inner class.
 Instantiate it only within subclasses of Foo ."
6108,3,javax.swing.plaf.basic.BasicTreeUI.FocusHandler,"No summary available","All Implemented Interfaces: FocusListener , EventListener Enclosing class: BasicTreeUI Repaints the lead selection row when focus is lost/gained."
6109,3,javax.swing.plaf.basic.BasicTableUI.FocusHandler,"No summary available","All Implemented Interfaces: FocusListener , EventListener Enclosing class: BasicTableUI This class should be treated as a ""protected"" inner class.
 Instantiate it only within subclasses of BasicTableUI ."
6111,3,javax.swing.plaf.basic.BasicComboBoxUI.FocusHandler,"No summary available","All Implemented Interfaces: FocusListener , EventListener Enclosing class: BasicComboBoxUI This listener hides the popup when the focus is lost.  It also repaints
 when focus is gained or lost.

 This public inner class should be treated as protected.
 Instantiate it only within subclasses of BasicComboBoxUI ."
6113,3,javax.swing.plaf.basic.BasicFileChooserUI.BasicFileView,"No summary available","Enclosing class: BasicFileChooserUI A basic file view."
6114,3,javax.swing.plaf.basic.BasicFileChooserUI.UpdateAction,"No summary available","All Implemented Interfaces: ActionListener , Serializable , Cloneable , EventListener , Action Enclosing class: BasicFileChooserUI Rescans the files in the current directory"
6116,3,javax.swing.plaf.basic.BasicInternalFrameUI.GlassPaneDispatcher,"No summary available","All Implemented Interfaces: MouseListener , MouseMotionListener , EventListener , MouseInputListener Enclosing class: BasicInternalFrameUI Glass pane dispatcher."
6117,3,javax.swing.plaf.basic.BasicListUI.MouseInputHandler,"No summary available","All Implemented Interfaces: MouseListener , MouseMotionListener , EventListener , MouseInputListener Enclosing class: BasicListUI Mouse input, and focus handling for JList.  An instance of this
 class is added to the appropriate java.awt.Component lists
 at installUI() time.  Note keyboard input is handled with JComponent
 KeyboardActions, see installKeyboardActions(). Warning: Serialized objects of this class will not be compatible with
 future Swing releases. The current se..."
6118,3,javax.swing.plaf.basic.BasicDesktopPaneUI.CloseAction,"No summary available","All Implemented Interfaces: ActionListener , Serializable , Cloneable , EventListener , Action Enclosing class: BasicDesktopPaneUI Handles closing an internal frame."
6120,3,javax.swing.plaf.basic.BasicToolBarUI.PropertyListener,"No summary available","All Implemented Interfaces: PropertyChangeListener , EventListener Direct Known Subclasses: MetalToolBarUI.MetalRolloverListener Enclosing class: BasicToolBarUI The class listens for property changed events."
6125,3,javax.swing.plaf.basic.BasicFileChooserUI.NewFolderAction,"No summary available","All Implemented Interfaces: ActionListener , Serializable , Cloneable , EventListener , Action Enclosing class: BasicFileChooserUI Creates a new folder."
6126,3,javax.swing.plaf.basic.BasicOptionPaneUI.PropertyChangeHandler,"No summary available","All Implemented Interfaces: PropertyChangeListener , EventListener Enclosing class: BasicOptionPaneUI This class should be treated as a ""protected"" inner class.
 Instantiate it only within subclasses of BasicOptionPaneUI ."
6128,3,javax.swing.plaf.basic.BasicDesktopIconUI.MouseInputHandler,"No summary available","All Implemented Interfaces: MouseListener , MouseMotionListener , MouseWheelListener , EventListener , MouseInputListener Enclosing class: BasicDesktopIconUI Listens for mouse movements and acts on them.

 This class should be treated as a ""protected"" inner class.
 Instantiate it only within subclasses of BasicDesktopIconUI ."
6129,3,javax.swing.plaf.basic.BasicComboPopup.ListMouseMotionHandler,"No summary available","All Implemented Interfaces: MouseMotionListener , EventListener Enclosing class: BasicComboPopup This listener changes the selected item as you move the mouse over the list.
 The selection change is not committed to the model, this is for user feedback only."
6130,3,javax.swing.plaf.basic.BasicColorChooserUI.PropertyHandler,"No summary available","All Implemented Interfaces: PropertyChangeListener , EventListener Enclosing class: BasicColorChooserUI This class should be treated as a ""protected"" inner class.
 Instantiate it only within subclasses of BasicColorChooserUI ."
6131,3,javax.swing.plaf.basic.BasicToolBarUI.FrameListener,"No summary available","All Implemented Interfaces: WindowFocusListener , WindowListener , WindowStateListener , EventListener Enclosing class: BasicToolBarUI The class listens for window events."
6134,3,javax.swing.plaf.basic.BasicInternalFrameTitlePane.MaximizeAction,"No summary available","All Implemented Interfaces: ActionListener , Serializable , Cloneable , EventListener , Action Enclosing class: BasicInternalFrameTitlePane This class should be treated as a ""protected"" inner class.
 Instantiate it only within subclasses of Foo ."
6135,3,javax.swing.plaf.basic.BasicFileChooserUI.AcceptAllFileFilter,"No summary available","Enclosing class: BasicFileChooserUI Accept all file filter."
6136,3,javax.swing.plaf.basic.BasicToolBarUI.ToolBarFocusListener,"No summary available","All Implemented Interfaces: FocusListener , EventListener Enclosing class: BasicToolBarUI The class listens for focus events."
6139,3,javax.swing.plaf.basic.BasicScrollPaneUI.MouseWheelHandler,"No summary available","All Implemented Interfaces: MouseWheelListener , EventListener Enclosing class: BasicScrollPaneUI MouseWheelHandler is an inner class which implements the
 MouseWheelListener interface.  MouseWheelHandler responds to
 MouseWheelEvents by scrolling the JScrollPane appropriately.
 If the scroll pane's isWheelScrollingEnabled method returns false, no scrolling occurs. Since: 1.4 See Also: JScrollPane.isWheelScrollingEnabled() BasicScrollPaneUI.createMouseWheelListener() MouseWhe..."
6143,3,javax.swing.plaf.basic.BasicScrollPaneUI.VSBChangeListener,"No summary available","All Implemented Interfaces: EventListener , ChangeListener Enclosing class: BasicScrollPaneUI Deprecated. Vertical scrollbar listener.
 This class exists only for backward compatibility.
 All its functionality has been moved into Handler."
6144,3,javax.swing.plaf.basic.BasicInternalFrameTitlePane.SystemMenuBar,"No summary available","All Implemented Interfaces: ImageObserver , MenuContainer , Serializable , Accessible , MenuElement Enclosing class: BasicInternalFrameTitlePane This class should be treated as a ""protected"" inner class.
 Instantiate it only within subclasses of Foo ."
6145,3,javax.swing.plaf.basic.BasicSliderUI.ChangeHandler,"No summary available","All Implemented Interfaces: EventListener , ChangeListener Enclosing class: BasicSliderUI Data model listener.

 This class should be treated as a ""protected"" inner class.
 Instantiate it only within subclasses of Foo ."
6148,3,javax.swing.plaf.basic.BasicInternalFrameUI.ComponentHandler,"No summary available","All Implemented Interfaces: ComponentListener , EventListener Enclosing class: BasicInternalFrameUI Component handler."
6150,3,javax.swing.plaf.basic.BasicTreeUI.ComponentHandler,"No summary available","All Implemented Interfaces: ActionListener , ComponentListener , EventListener Enclosing class: BasicTreeUI Updates the preferred size when scrolling (if necessary)."
6151,3,javax.swing.plaf.basic.BasicComboPopup.ListSelectionHandler,"No summary available","All Implemented Interfaces: EventListener , ListSelectionListener Enclosing class: BasicComboPopup As of Java 2 platform v 1.4, this class is now obsolete, doesn't do anything, and
 is only included for backwards API compatibility. Do not call or
 override."
6457,3,java.awt.CheckboxMenuItem.AccessibleAWTCheckboxMenuItem,"No summary available","All Implemented Interfaces: Serializable , AccessibleAction , AccessibleComponent , AccessibleSelection , AccessibleValue Enclosing class: CheckboxMenuItem Inner class of CheckboxMenuItem used to provide default support for
 accessibility.  This class is not meant to be used directly by
 application developers, but is instead meant only to be
 subclassed by menu component developers. This class implements accessibility support for the CheckboxMenuItem class.  It provides an i..."
6462,3,java.awt.ScrollPane.AccessibleAWTScrollPane,"No summary available","All Implemented Interfaces: Serializable , AccessibleComponent Enclosing class: ScrollPane This class implements accessibility support for the ScrollPane class.  It provides an implementation of the
 Java Accessibility API appropriate to scroll pane user-interface
 elements. Since: 1.3 See Also: Serialized Form"
6469,3,java.awt.Button.AccessibleAWTButton,"No summary available","All Implemented Interfaces: Serializable , AccessibleAction , AccessibleComponent , AccessibleValue Enclosing class: Button This class implements accessibility support for the Button class.  It provides an implementation of the
 Java Accessibility API appropriate to button user-interface elements. Since: 1.3 See Also: Serialized Form"
6475,3,java.awt.List.AccessibleAWTList.AccessibleAWTListChild,"No summary available","All Implemented Interfaces: Serializable , Accessible , AccessibleComponent Enclosing class: List.AccessibleAWTList This class implements accessibility support for
 List children.  It provides an implementation of the
 Java Accessibility API appropriate to list children
 user-interface elements. Since: 1.3 See Also: Serialized Form"
6476,3,java.awt.Component.BltBufferStrategy,"No summary available","Enclosing class: Component Inner class for blitting offscreen surfaces to a component. Since: 1.4"
6480,3,java.awt.TextComponent.AccessibleAWTTextComponent,"No summary available","All Implemented Interfaces: TextListener , Serializable , EventListener , AccessibleComponent , AccessibleText Direct Known Subclasses: TextArea.AccessibleAWTTextArea , TextField.AccessibleAWTTextField Enclosing class: TextComponent This class implements accessibility support for the TextComponent class.  It provides an implementation of the
 Java Accessibility API appropriate to text component user-interface
 elements. Since: 1.3 See Also: Serialized Form"
6492,3,java.awt.TextField.AccessibleAWTTextField,"No summary available","All Implemented Interfaces: TextListener , Serializable , EventListener , AccessibleComponent , AccessibleText Enclosing class: TextField This class implements accessibility support for the TextField class.  It provides an implementation of the
 Java Accessibility API appropriate to text field user-interface elements. Since: 1.3 See Also: Serialized Form"
6501,3,java.awt.Canvas.AccessibleAWTCanvas,"No summary available","All Implemented Interfaces: Serializable , AccessibleComponent Enclosing class: Canvas This class implements accessibility support for the Canvas class.  It provides an implementation of the
 Java Accessibility API appropriate to canvas user-interface elements. Since: 1.3 See Also: Serialized Form"
6502,3,java.awt.Component.AccessibleAWTComponent.AccessibleAWTFocusHandler,"No summary available","All Implemented Interfaces: FocusListener , Serializable , EventListener Enclosing class: Component.AccessibleAWTComponent Fire PropertyChange listener, if one is registered,
 when focus events happen Since: 1.3 See Also: Serialized Form"
6506,3,java.awt.MenuItem.AccessibleAWTMenuItem,"No summary available","All Implemented Interfaces: Serializable , AccessibleAction , AccessibleComponent , AccessibleSelection , AccessibleValue Direct Known Subclasses: CheckboxMenuItem.AccessibleAWTCheckboxMenuItem , Menu.AccessibleAWTMenu Enclosing class: MenuItem Inner class of MenuItem used to provide default support for
 accessibility.  This class is not meant to be used directly by
 application developers, but is instead meant only to be
 subclassed by menu component developers. This class i..."
6516,3,java.awt.TextArea.AccessibleAWTTextArea,"No summary available","All Implemented Interfaces: TextListener , Serializable , EventListener , AccessibleComponent , AccessibleText Enclosing class: TextArea This class implements accessibility support for the TextArea class.  It provides an implementation of the
 Java Accessibility API appropriate to text area user-interface elements. Since: 1.3 See Also: Serialized Form"
6519,3,java.awt.Panel.AccessibleAWTPanel,"No summary available","All Implemented Interfaces: Serializable , AccessibleComponent Direct Known Subclasses: Applet.AccessibleApplet Enclosing class: Panel This class implements accessibility support for the Panel class.  It provides an implementation of the
 Java Accessibility API appropriate to panel user-interface elements. Since: 1.3 See Also: Serialized Form"
6531,3,java.awt.Checkbox.AccessibleAWTCheckbox,"No summary available","All Implemented Interfaces: ItemListener , Serializable , EventListener , AccessibleAction , AccessibleComponent , AccessibleValue Enclosing class: Checkbox This class implements accessibility support for the Checkbox class.  It provides an implementation of the
 Java Accessibility API appropriate to checkbox user-interface elements. Since: 1.3 See Also: Serialized Form"
6535,3,java.awt.Component.FlipBufferStrategy,"No summary available","Enclosing class: Component Inner class for flipping buffers on a component.  That component must
 be a Canvas or Window or Applet . Since: 1.4 See Also: Canvas Window Applet BufferStrategy"
6539,3,java.awt.MenuBar.AccessibleAWTMenuBar,"No summary available","All Implemented Interfaces: Serializable , AccessibleComponent , AccessibleSelection Enclosing class: MenuBar Inner class of MenuBar used to provide default support for
 accessibility.  This class is not meant to be used directly by
 application developers, but is instead meant only to be
 subclassed by menu component developers. This class implements accessibility support for the MenuBar class.  It provides an implementation of the
 Java Accessibility API appropriate to menu..."
6540,3,java.awt.Container.AccessibleAWTContainer.AccessibleContainerHandler,"No summary available","All Implemented Interfaces: ContainerListener , Serializable , EventListener Enclosing class: Container.AccessibleAWTContainer Fire PropertyChange listener, if one is registered,
 when children are added or removed. Since: 1.3 See Also: Serialized Form"
6544,3,java.awt.Dialog.AccessibleAWTDialog,"No summary available","All Implemented Interfaces: Serializable , AccessibleComponent Direct Known Subclasses: JDialog.AccessibleJDialog Enclosing class: Dialog This class implements accessibility support for the Dialog class.  It provides an implementation of the
 Java Accessibility API appropriate to dialog user-interface elements. Since: 1.3 See Also: Serialized Form"
6547,3,java.awt.Window.AccessibleAWTWindow,"No summary available","All Implemented Interfaces: Serializable , AccessibleComponent Direct Known Subclasses: Dialog.AccessibleAWTDialog , Frame.AccessibleAWTFrame , JWindow.AccessibleJWindow Enclosing class: Window This class implements accessibility support for the Window class.  It provides an implementation of the
 Java Accessibility API appropriate to window user-interface elements. Since: 1.3 See Also: Serialized Form"
6548,3,java.awt.Menu.AccessibleAWTMenu,"No summary available","All Implemented Interfaces: Serializable , AccessibleAction , AccessibleComponent , AccessibleSelection , AccessibleValue Direct Known Subclasses: PopupMenu.AccessibleAWTPopupMenu Enclosing class: Menu Inner class of Menu used to provide default support for
 accessibility.  This class is not meant to be used directly by
 application developers, but is instead meant only to be
 subclassed by menu component developers. This class implements accessibility support for the Menu cl..."
6556,3,java.awt.Frame.AccessibleAWTFrame,"No summary available","All Implemented Interfaces: Serializable , AccessibleComponent Direct Known Subclasses: JFrame.AccessibleJFrame Enclosing class: Frame This class implements accessibility support for the Frame class.  It provides an implementation of the
 Java Accessibility API appropriate to frame user-interface elements. Since: 1.3 See Also: Serialized Form"
6566,3,java.awt.List.AccessibleAWTList,"No summary available","All Implemented Interfaces: ActionListener , ItemListener , Serializable , EventListener , AccessibleComponent , AccessibleSelection Enclosing class: List This class implements accessibility support for the List class.  It provides an implementation of the
 Java Accessibility API appropriate to list user-interface elements. Since: 1.3 See Also: Serialized Form"
6569,3,java.awt.MenuComponent.AccessibleAWTMenuComponent,"No summary available","All Implemented Interfaces: Serializable , AccessibleComponent , AccessibleSelection Direct Known Subclasses: MenuBar.AccessibleAWTMenuBar , MenuItem.AccessibleAWTMenuItem Enclosing class: MenuComponent Inner class of MenuComponent used to provide
 default support for accessibility.  This class is not meant
 to be used directly by application developers, but is instead
 meant only to be subclassed by menu component developers. The class used to obtain the accessible role for ..."
6574,3,java.awt.Component.AccessibleAWTComponent,"No summary available","All Implemented Interfaces: Serializable , AccessibleComponent Direct Known Subclasses: Box.Filler.AccessibleBoxFiller , Button.AccessibleAWTButton , Canvas.AccessibleAWTCanvas , Checkbox.AccessibleAWTCheckbox , Choice.AccessibleAWTChoice , Container.AccessibleAWTContainer , Label.AccessibleAWTLabel , List.AccessibleAWTList , List.AccessibleAWTList.AccessibleAWTListChild , Scrollbar.AccessibleAWTScrollBar , TextComponent.AccessibleAWTTextComponent Enclosing class: Component I..."
6579,3,java.awt.Choice.AccessibleAWTChoice,"No summary available","All Implemented Interfaces: Serializable , AccessibleAction , AccessibleComponent Enclosing class: Choice This class implements accessibility support for the Choice class.  It provides an implementation of the
 Java Accessibility API appropriate to choice user-interface elements. Since: 1.3 See Also: Serialized Form"
6586,3,java.awt.Scrollbar.AccessibleAWTScrollBar,"No summary available","All Implemented Interfaces: Serializable , AccessibleComponent , AccessibleValue Enclosing class: Scrollbar This class implements accessibility support for the Scrollbar class.  It provides an implementation of
 the Java Accessibility API appropriate to scrollbar
 user-interface elements. Since: 1.3 See Also: Serialized Form"
6596,3,java.awt.PopupMenu.AccessibleAWTPopupMenu,"No summary available","All Implemented Interfaces: Serializable , AccessibleAction , AccessibleComponent , AccessibleSelection , AccessibleValue Enclosing class: PopupMenu Inner class of PopupMenu used to provide default support for
 accessibility.  This class is not meant to be used directly by
 application developers, but is instead meant only to be
 subclassed by menu component developers. The class used to obtain the accessible role for this object. Since: 1.3 See Also: Serialized Form"
6605,3,java.awt.Component.AccessibleAWTComponent.AccessibleAWTComponentHandler,"No summary available","All Implemented Interfaces: ComponentListener , Serializable , EventListener Enclosing class: Component.AccessibleAWTComponent Fire PropertyChange listener, if one is registered,
 when shown/hidden.. Since: 1.3 See Also: Serialized Form"
6609,3,java.awt.Container.AccessibleAWTContainer,"No summary available","All Implemented Interfaces: Serializable , AccessibleComponent Direct Known Subclasses: Box.AccessibleBox , CellRendererPane.AccessibleCellRendererPane , JComponent.AccessibleJComponent , Panel.AccessibleAWTPanel , ScrollPane.AccessibleAWTScrollPane , Window.AccessibleAWTWindow Enclosing class: Container Inner class of Container used to provide default support for
 accessibility.  This class is not meant to be used directly by
 application developers, but is instead meant onl..."
6610,3,java.awt.Label.AccessibleAWTLabel,"No summary available","All Implemented Interfaces: Serializable , AccessibleComponent Enclosing class: Label This class implements accessibility support for the Label class.  It provides an implementation of the
 Java Accessibility API appropriate to label user-interface elements. Since: 1.3 See Also: Serialized Form"
6721,3,unknown,"No summary available","No detail found"
6742,3,java.awt.dnd.DropTargetContext.TransferableProxy,"No summary available","All Implemented Interfaces: Transferable Enclosing class: DropTargetContext TransferableProxy is a helper inner class that implements Transferable interface and serves as a proxy for another Transferable object which represents data transfer for
 a particular drag-n-drop operation. The proxy forwards all requests to the encapsulated transferable
 and automatically performs additional conversion on the data
 returned by the encapsulated transferable in case of local transfer."
6858,3,java.applet.Applet.AccessibleApplet,"No summary available","All Implemented Interfaces: Serializable , AccessibleComponent Direct Known Subclasses: JApplet.AccessibleJApplet Enclosing class: Applet This class implements accessibility support for the Applet class.
 It provides an implementation of the Java Accessibility API appropriate
 to applet user-interface elements. Since: 1.3 See Also: Serialized Form"
6902,3,java.beans.beancontext.BeanContextServicesSupport.BCSSChild,"No summary available","All Implemented Interfaces: Serializable Enclosing class: BeanContextServicesSupport See Also: Serialized Form"
6904,3,java.beans.beancontext.BeanContextServicesSupport.BCSSProxyServiceProvider,"No summary available","All Implemented Interfaces: BeanContextServiceProvider , BeanContextServiceRevokedListener , EventListener Enclosing class: BeanContextServicesSupport"
6908,3,java.beans.beancontext.BeanContextSupport.BCSChild,"No summary available","All Implemented Interfaces: Serializable Direct Known Subclasses: BeanContextServicesSupport.BCSSChild Enclosing class: BeanContextSupport See Also: Serialized Form"
